class,total,correct,accuracy_per_class
negative,2550,1249,0.48980392156862745
neutral,2550,285,0.11176470588235295
positive,2550,2215,0.8686274509803922
TOTAL,7650,3749,0.4900653594771242
