Dataset,Accuracy,Macro_Precision,Macro_Recall,Macro_F1,Weighted_F1
Train,0.49009720704821136,0.46593067024673845,0.4900972070482113,0.43720571882398107,0.43720571882398107
Test,0.4900653594771242,0.4708682384024238,0.4900653594771242,0.4372948185353387,0.4372948185353387
