,precision,recall,f1-score,support
negative,0.5789525112370529,0.4979410034456677,0.5353996295124926,11899.0
neutral,0.3458646616541353,0.10824439028489789,0.16488510529347755,11899.0
positive,0.4729748378490271,0.8641062274140684,0.611332421665973,11899.0
accuracy,0.49009720704821136,0.49009720704821136,0.49009720704821136,0.49009720704821136
macro avg,0.46593067024673845,0.4900972070482113,0.43720571882398107,35697.0
weighted avg,0.46593067024673845,0.49009720704821136,0.43720571882398107,35697.0
