,precision,recall,f1-score,support
negative,0.5785085687818434,0.48980392156862745,0.5304735612656615,2550.0
neutral,0.3635204081632653,0.11176470588235295,0.17096580683863227,2550.0
positive,0.47057573826216276,0.8686274509803922,0.6104450875017224,2550.0
accuracy,0.4900653594771242,0.4900653594771242,0.4900653594771242,0.4900653594771242
macro avg,0.4708682384024238,0.4900653594771242,0.4372948185353387,7650.0
weighted avg,0.4708682384024238,0.4900653594771242,0.4372948185353387,7650.0
