Dataset,Accuracy,Macro_Precision,Macro_Recall,Macro_F1,Weighted_F1
Train,0.48808023083172253,0.4659024094584967,0.48808023083172253,0.4354900680291311,0.4354900680291311
Test,0.4865359477124183,0.46834793641690275,0.48653594771241826,0.43360419619480006,0.43360419619480006
