class,total,correct,accuracy_per_class
negative,2550,1224,0.48
neutral,2550,282,0.11058823529411765
positive,2550,2216,0.8690196078431373
TOTAL,7650,3722,0.4865359477124183
