,precision,recall,f1-score,support
negative,0.580526941362916,0.4925624002016976,0.5329393043873608,11899.0
neutral,0.34795479009687835,0.10866459366333306,0.16560999039385207,11899.0
positive,0.4692254969156957,0.863013698630137,0.6079209093061805,11899.0
accuracy,0.48808023083172253,0.48808023083172253,0.48808023083172253,0.48808023083172253
macro avg,0.4659024094584967,0.48808023083172253,0.4354900680291311,35697.0
weighted avg,0.4659024094584967,0.48808023083172253,0.4354900680291311,35697.0
