,precision,recall,f1-score,support
negative,0.5779036827195467,0.48,0.5244215938303342,2550.0
neutral,0.36061381074168797,0.11058823529411765,0.16926770708283315,2550.0
positive,0.4665263157894737,0.8690196078431373,0.6071232876712329,2550.0
accuracy,0.4865359477124183,0.4865359477124183,0.4865359477124183,0.4865359477124183
macro avg,0.46834793641690275,0.48653594771241826,0.43360419619480006,7650.0
weighted avg,0.4683479364169028,0.4865359477124183,0.43360419619480006,7650.0
