Phase,Dataset,Accuracy,Macro_Precision,Macro_Recall,Macro_F1,Weighted_F1
Phase_1_0,Train,0.4880802308317225,0.4659024094584967,0.4880802308317225,0.4354900680291311,0.4354900680291311
Phase_1_0,Test,0.4865359477124183,0.4683479364169027,0.4865359477124182,0.4336041961948,0.4336041961948
Phase_1_1,Train,0.4893688545255903,0.4646235495043506,0.4893688545255903,0.4364375599757484,0.4364375599757485
Phase_1_1,Test,0.4909803921568627,0.4723457781290115,0.4909803921568627,0.4382029557692939,0.4382029557692939
Phase_1_2,Train,0.4900972070482113,0.4659306702467384,0.4900972070482113,0.437205718823981,0.437205718823981
Phase_1_2,Test,0.4900653594771242,0.4708682384024238,0.4900653594771242,0.4372948185353387,0.4372948185353387
Phase_1_2,Train,0.49009720704821136,0.46593067024673845,0.4900972070482113,0.43720571882398107,0.43720571882398107
Phase_1_2,Test,0.4900653594771242,0.4708682384024238,0.4900653594771242,0.4372948185353387,0.4372948185353387
