Phase,Dataset,Accuracy,Macro_Precision,Macro_Recall,Macro_F1,Weighted_F1
Phase_1_0,Train,0.4880802308317225,0.4659024094584967,0.4880802308317225,0.4354900680291311,0.4354900680291311
Phase_1_0,Test,0.4865359477124183,0.4683479364169027,0.4865359477124182,0.4336041961948,0.4336041961948
Phase_1_1,Train,0.48936885452559037,0.46462354950435064,0.48936885452559037,0.43643755997574846,0.43643755997574857
Phase_1_1,Test,0.49098039215686273,0.4723457781290115,0.49098039215686273,0.4382029557692939,0.4382029557692939
