,precision,recall,f1-score,support
negative,0.5794824399260629,0.49176470588235294,0.5320322443784472,2550.0
neutral,0.36666666666666664,0.11215686274509803,0.17177177177177178,2550.0
positive,0.47088822779430517,0.8690196078431373,0.6108048511576626,2550.0
accuracy,0.49098039215686273,0.49098039215686273,0.49098039215686273,0.49098039215686273
macro avg,0.4723457781290115,0.49098039215686273,0.4382029557692939,7650.0
weighted avg,0.4723457781290116,0.49098039215686273,0.4382029557692939,7650.0
