,precision,recall,f1-score,support
negative,0.5785350567959263,0.49651231195898815,0.5343946451992221,11899.0
neutral,0.34260497459213696,0.10765610555508866,0.1638316920322292,11899.0
positive,0.4727306171249885,0.8639381460626944,0.6110863426957943,11899.0
accuracy,0.48936885452559037,0.48936885452559037,0.48936885452559037,0.48936885452559037
macro avg,0.46462354950435064,0.48936885452559037,0.43643755997574846,35697.0
weighted avg,0.46462354950435053,0.48936885452559037,0.43643755997574857,35697.0
