class,total,correct,accuracy_per_class
negative,2550,1254,0.49176470588235294
neutral,2550,286,0.11215686274509803
positive,2550,2216,0.8690196078431373
TOTAL,7650,3756,0.49098039215686273
