Dataset,Accuracy,Macro_Precision,Macro_Recall,Macro_F1,Weighted_F1
Train,0.48936885452559037,0.46462354950435064,0.48936885452559037,0.43643755997574846,0.43643755997574857
Test,0.49098039215686273,0.4723457781290115,0.49098039215686273,0.4382029557692939,0.4382029557692939
