,precision,recall,f1-score,support
negative,0.585698301291832,0.48390621060593325,0.529958582604694,11899.0
neutral,0.3587502731046537,0.1379947894781074,0.1993202233551833,11899.0
positive,0.47879186434308796,0.8566266072779225,0.6142581656020248,11899.0
accuracy,0.49284253578732107,0.49284253578732107,0.49284253578732107,0.49284253578732107
macro avg,0.47441347957985786,0.492842535787321,0.4478456571873007,35697.0
weighted avg,0.4744134795798578,0.49284253578732107,0.44784565718730074,35697.0
