class,total,correct,accuracy_per_class
negative,2550,1209,0.47411764705882353
neutral,2550,360,0.1411764705882353
positive,2550,2204,0.864313725490196
TOTAL,7650,3773,0.49320261437908497
