Dataset,Accuracy,Macro_Precision,Macro_Recall,Macro_F1,Weighted_F1
Train,0.49284253578732107,0.47441347957985786,0.492842535787321,0.4478456571873007,0.44784565718730074
Test,0.49320261437908497,0.4794871412251956,0.4932026143790849,0.44776402198764864,0.44776402198764864
