,precision,recall,f1-score,support
negative,0.5854721549636804,0.47411764705882353,0.523943661971831,2550.0
neutral,0.3769633507853403,0.1411764705882353,0.20542082738944364,2550.0
positive,0.4760259179265659,0.864313725490196,0.6139275766016713,2550.0
accuracy,0.49320261437908497,0.49320261437908497,0.49320261437908497,0.49320261437908497
macro avg,0.4794871412251956,0.4932026143790849,0.44776402198764864,7650.0
weighted avg,0.47948714122519553,0.49320261437908497,0.44776402198764864,7650.0
